RECORD #,Name,Count
38071,"WILLIAMS, THOMAS K.",1
111645,"WILLLIAMS, THOMAS",2
122792,TOMMY WILLIAMS,3
133679,TOMMIE WILLIAMS,4
194484,THOM WILLIAMS,5
211809,TOMMY WILLIAMS,6
313601,"WILLIAMS, TOMMY",7
317491,WILLIAMS THOMAS M JR,8
323760,THOMAS K WILLIAMS,9
325682,THOM WILLIAMS,10
341470,"WILLIAMS, THOMAS",11
356102,"WILLIAMS, THOMAS",12
382648,"WILLIAMS, THOMAS K",13
403970,"THOMAS H. WILLIAMS, J",14
412095,WILLIAMS THOMAS J,15
488303,TOMMY WILLIAMS,16
665697,TOMIE WILLIAMS,17
766988,TOMAS WILLIAMS,18
794381,TOMAS WILLIAMS,19
846210,THOMAS WILLIAMS,20
852562,WILLIAMS THOMAS,21
854150,"WILLIAMS, THOMAS",22
854174,WILLIAMS THOMAS,23
857016,TOMMY WILLIAMS,24
891198,WILLIAMS THOMAS,25
895576,"WILLIAMS, THOMAS",26
897260,THOMAS WILLIAMS SR,27
919231,WILLIAMS THOMAS,28
919252,WILLIAMS THOMAS,29
1001417,THOMAS WILLLIAMS,30
